Route_name,Route_link
Hyderabad to Vijayawada,https://www.redbus.in/bus-tickets/hyderabad-to-vijayawada
Vijayawada to Hyderabad,https://www.redbus.in/bus-tickets/vijayawada-to-hyderabad
Bangalore to Tirupati,https://www.redbus.in/bus-tickets/bangalore-to-tirupathi
Bangalore to Kadapa,https://www.redbus.in/bus-tickets/bangalore-to-kadapa
Kakinada to Visakhapatnam,https://www.redbus.in/bus-tickets/kakinada-to-visakhapatnam
Hyderabad to Ongole,https://www.redbus.in/bus-tickets/hyderabad-to-ongole
Ongole to Hyderabad,https://www.redbus.in/bus-tickets/ongole-to-hyderabad
Bangalore to Anantapur (andhra pradesh),https://www.redbus.in/bus-tickets/bangalore-to-ananthapur
Bangalore to Chittoor (Andhra Pradesh),https://www.redbus.in/bus-tickets/bangalore-to-chittoor-andhra-pradesh
Chittoor (Andhra Pradesh) to Bangalore,https://www.redbus.in/bus-tickets/chittoor-andhra-pradesh-to-bangalore
Hyderabad to Guntur (Andhra Pradesh),https://www.redbus.in/bus-tickets/hyderabad-to-guntur
Vijayawada to Visakhapatnam,https://www.redbus.in/bus-tickets/vijayawada-to-visakhapatnam
Hyderabad to Narasaraopet,https://www.redbus.in/bus-tickets/hyderabad-to-narsaraopet
Kadapa to Bangalore,https://www.redbus.in/bus-tickets/kadapa-to-bangalore
Narasaraopet to Hyderabad,https://www.redbus.in/bus-tickets/narsaraopet-to-hyderabad
Visakhapatnam to Kakinada,https://www.redbus.in/bus-tickets/visakhapatnam-to-kakinada
Bangalore to Kadiri,https://www.redbus.in/bus-tickets/bangalore-to-kadiri
Bangalore to Madanapalli,https://www.redbus.in/bus-tickets/bangalore-to-madanapalli
Madanapalli to Bangalore,https://www.redbus.in/bus-tickets/madanapalli-to-bangalore
Anantapur (andhra pradesh) to Bangalore,https://www.redbus.in/bus-tickets/ananthapur-to-bangalore
Hyderabad to Kurnool,https://www.redbus.in/bus-tickets/hyderabad-to-kurnool
Hyderabad to Vinukonda,https://www.redbus.in/bus-tickets/hyderabad-to-vinukonda
Rajahmundry to Visakhapatnam,https://www.redbus.in/bus-tickets/rajahmundry-to-visakhapatnam
Hyderabad to Eluru,https://www.redbus.in/bus-tickets/hyderabad-to-eluru
Guntur (Andhra Pradesh) to Hyderabad,https://www.redbus.in/bus-tickets/guntur-to-hyderabad
Hyderabad to Macherla (andhra pradesh),https://www.redbus.in/bus-tickets/hyderabad-to-macherla
Bangalore to Rayachoti,https://www.redbus.in/bus-tickets/bangalore-to-rayachoti
Hyderabad to Nandyal,https://www.redbus.in/bus-tickets/hyderabad-to-nandyala
Eluru to Hyderabad,https://www.redbus.in/bus-tickets/eluru-to-hyderabad
Tirupati to Bangalore,https://www.redbus.in/bus-tickets/tirupathi-to-bangalore
Vinukonda to Hyderabad,https://www.redbus.in/bus-tickets/vinukonda-to-hyderabad
Hyderabad to Anantapur (andhra pradesh),https://www.redbus.in/bus-tickets/hyderabad-to-ananthapur
Hyderabad to Markapuram,https://www.redbus.in/bus-tickets/hyderabad-to-markapuram
Bangalore to Nellore,https://www.redbus.in/bus-tickets/bangalore-to-nellore
Macherla (andhra pradesh) to Hyderabad,https://www.redbus.in/bus-tickets/macherla-to-hyderabad
Kadiri to Bangalore,https://www.redbus.in/bus-tickets/kadiri-to-bangalore
Nandyal to Hyderabad,https://www.redbus.in/bus-tickets/nandyala-to-hyderabad
Chennai to Tirupati,https://www.redbus.in/bus-tickets/chennai-to-tirupathi
Hyderabad to Rajahmundry,https://www.redbus.in/bus-tickets/hyderabad-to-rajahmundry
Rayachoti to Bangalore,https://www.redbus.in/bus-tickets/rayachoti-to-bangalore
Hyderabad to Addanki,https://www.redbus.in/bus-tickets/hyderabad-to-addanki
Chilakaluripet to Hyderabad,https://www.redbus.in/bus-tickets/chilakaluripet-to-hyderabad
Visakhapatnam to Vijayawada,https://www.redbus.in/bus-tickets/visakhapatnam-to-vijayawada
Rajahmundry to Hyderabad,https://www.redbus.in/bus-tickets/rajahmundry-to-hyderabad
Hyderabad to Chilakaluripet,https://www.redbus.in/bus-tickets/hyderabad-to-chilakaluripet
Visakhapatnam to Rajahmundry,https://www.redbus.in/bus-tickets/visakhapatnam-to-rajahmundry
Bangalore to Kurnool,https://www.redbus.in/bus-tickets/bangalore-to-kurnool
Vijayawada to Kurnool,https://www.redbus.in/bus-tickets/vijayawada-to-kurnool
Vijayawada to Rajahmundry,https://www.redbus.in/bus-tickets/vijayawada-to-rajahmundry
Hyderabad to Kanigiri,https://www.redbus.in/bus-tickets/hyderabad-to-kanigiri
